sku,defective,endstock,returns
1,100,12344,12
2,158,11354,21
3,669,13251,72
4,260,12527,56
5,188,11202,29
6,169,9138,28
7,128,18720,24
8,730,12873,205
9,176,7709,34
10,789,11346,86
11,272,10854,91
12,176,18146,38
13,249,10357,29
14,94,17053,9
15,126,9476,21
16,165,19098,61
17,492,10676,68
18,145,13729,18
19,207,9330,41
20,221,14844,31
21,458,7668,218
22,188,19728,33
23,201,6345,34
24,762,6311,119
25,230,14550,74
26,282,15429,45
27,202,7003,60
28,206,8245,55
29,215,12381,25
30,840,14888,347
31,179,6802,60
32,172,8212,51
33,474,8010,148
34,345,10215,69
35,183,9171,29
36,201,15265,31
37,350,7376,144
38,263,12668,27
39,220,10592,21
40,180,9150,34
41,177,12661,49
42,568,10662,95
43,953,14063,429
44,146,14147,42
45,462,6955,83
46,501,15283,55
47,400,11569,123
48,112,6232,12
49,244,18954,28
50,369,8499,43
51,217,7658,49
52,210,16251,35
53,90,11718,15
54,132,18358,14
55,308,14017,33
56,187,13761,24
57,850,10158,188
58,191,5395,25
59,208,10677,37
60,632,13830,145
61,599,11048,111
62,76,14415,10
63,158,19469,18
64,64,17133,27
65,332,10449,50
66,451,15074,66
67,500,12765,72
68,369,16873,56
69,237,7258,29
70,106,15572,12
71,120,9006,23
72,302,6822,39
73,149,7828,16
74,257,11487,27
75,277,7743,60
76,107,18185,27
77,199,20047,83
78,98,18487,44
79,122,14721,33
80,246,8327,46
81,166,10054,50
82,191,15900,21
83,184,12661,42
84,733,13681,159
85,166,19945,21
86,112,9753,22
87,103,9355,11
88,309,18970,45
89,58,5932,8
90,111,13125,20
91,872,12007,119
92,154,12147,47
93,70,5005,9
94,300,8233,52
95,575,14863,64
96,589,11546,83
97,281,6755,80
98,352,10693,60
99,133,7687,55
100,191,9374,21
101,160,6199,18
102,993,17452,130
103,113,14358,31
104,184,18678,46
105,1117,6451,217
106,532,7379,141
107,500,12067,149
108,266,11793,28
109,118,13539,18
110,135,15321,42
111,185,16546,20
112,254,5485,30
113,142,15568,22
114,527,12544,85
115,161,9144,21
116,222,12765,35
117,382,17108,86
118,286,10159,61
119,514,6018,91
120,201,14191,88
121,176,12296,28
122,182,15162,60
123,454,19938,62
124,139,11519,21
125,164,16060,31
126,188,15201,36
127,97,10504,13
128,256,9379,111
129,73,15333,15
130,423,16132,117
131,403,12634,63
132,285,5651,60
133,326,16720,47
134,304,17159,83
135,258,15952,38
136,338,5338,78
137,113,15047,18
138,176,17211,31
139,378,18431,65
140,1071,9196,157
141,174,16444,23
142,120,5185,15
143,260,13885,95
144,408,13418,85
145,178,10335,35
146,253,10059,30
147,170,9707,33
148,323,6053,59
149,341,18312,143
150,254,8319,35
151,302,16327,42
152,80,13045,9
153,97,7780,15
154,241,11189,33
155,178,20034,28
156,222,11681,27
157,202,16251,52
158,421,14505,46
159,83,5319,17
160,72,8496,17
161,701,10147,89
162,301,10587,34
163,65,18469,10
164,272,9882,93
165,128,10976,28
166,348,16176,94
167,224,17194,44
168,506,5738,72
169,1048,6116,139
170,789,6761,104
171,157,7417,34
172,230,8075,91
173,180,5787,60
174,253,16162,36
175,636,19019,69
176,283,11481,37
177,445,13745,88
178,122,8197,43
179,327,16181,88
180,231,16694,33
181,706,5769,77
182,253,15458,117
183,529,16659,198
184,396,14585,160
185,154,17587,21
186,539,5962,68
187,55,13854,22
188,102,6345,19
189,308,5413,37
190,805,10221,112
191,141,18797,15
192,521,10165,244
193,142,16001,18
194,293,7377,87
195,1163,10847,225
196,121,9040,19
197,984,7401,101
198,490,7815,138
199,639,18070,108
200,208,5252,63
201,290,19776,52
202,459,15006,182
203,913,12417,289
204,208,13097,49
205,124,11845,13
206,823,5567,389
207,1267,17293,247
208,236,19487,26
209,210,17111,30
210,129,19741,22
211,1287,18702,139
212,295,19359,32
213,162,19716,41
214,358,8771,39
215,316,19466,40
216,243,11647,32
217,188,18750,41
218,146,7759,58
219,357,19425,79
220,246,6845,30
221,232,17175,105
222,209,11198,26
223,197,16335,55
224,265,6999,31
225,301,6542,39
226,103,16102,25
227,169,11055,72
228,169,18668,72
229,139,9395,15
230,146,6165,19
231,335,10840,104
232,332,14278,124
233,224,16900,68
234,366,6779,53
235,125,18729,25
236,438,15250,82
237,284,9081,38
238,174,5546,64
239,297,10795,89
240,553,14534,153
241,168,15176,23
242,349,14392,70
243,138,16902,14
244,859,18148,188
245,92,14825,18
246,195,17544,21
247,114,13561,17
248,101,5636,12
249,215,7626,78
250,63,11786,9
251,234,5598,41
252,396,11189,75
253,238,12037,32
254,473,10972,144
255,85,12414,11
256,329,8272,48
257,468,8889,110
258,92,18266,11
259,116,15516,42
260,191,18796,20
261,214,18231,59
262,188,15023,85
263,189,12962,40
264,591,6563,59
265,465,10523,74
266,213,16520,34
267,125,15152,32
268,456,15531,93
269,208,19925,39
270,407,7278,111
271,253,13136,27
272,147,12762,16
273,62,8256,10
274,186,11937,31
275,236,16405,47
276,195,14926,23
277,395,18991,46
278,155,19172,38
279,324,13891,35
280,245,8309,30
281,225,16437,26
282,428,19537,54
283,147,13014,22
284,266,10040,59
285,63,17594,14
286,317,8391,54
287,399,10032,113
288,101,9647,15
289,320,8725,148
290,460,15376,108
291,297,13077,41
292,494,11633,90
293,130,19073,15
294,195,13157,32
295,441,10842,75
296,216,5406,43
297,808,17584,92
298,193,6854,20
299,198,17169,27
300,274,17649,58
301,178,5949,23
302,425,15825,69
303,135,17945,45
304,227,6777,29
305,392,12224,92
306,594,16843,156
307,253,12109,33
308,240,11409,39
309,305,9994,33
310,307,14837,110
311,119,13588,20
312,75,5780,9
313,229,20112,24
314,261,11824,58
315,290,13157,90
316,670,8417,68
317,153,7932,21
318,215,17790,103
319,81,10923,13
320,357,9893,51
321,493,5807,106
322,76,10424,9
323,414,18298,54
324,334,14946,110
325,475,8052,99
326,219,15931,94
327,248,15645,30
328,421,18904,43
329,207,14127,23
330,223,18694,27
331,597,16533,118
332,211,10106,22
333,532,13526,235
334,230,5796,29
335,206,15846,32
336,170,16529,18
337,148,7606,25
338,514,12248,57
339,140,8665,17
340,149,10517,21
341,100,14517,14
342,157,16524,49
343,745,15974,108
344,130,7744,37
345,421,14488,86
346,272,18606,31
347,227,13965,26
348,143,10118,23
349,396,5073,46
350,549,16345,83
351,1021,8420,187
352,325,10275,59
353,152,12575,17
354,402,16304,181
355,489,12214,158
356,606,14692,121
357,502,16092,67
358,567,13040,77
359,468,13399,199
360,280,16058,34
361,798,12259,93
362,182,7209,36
363,239,16512,25
364,191,13491,56
365,372,11934,45
366,172,15339,87
367,786,15568,96
368,1381,16145,293
369,199,5898,48
370,195,6916,34
371,237,7617,54
372,871,5854,362
373,216,8005,77
374,319,8845,52
375,125,17482,55
376,1153,19325,376
377,160,18831,48
378,173,19184,24
379,125,10440,13
380,133,7402,37
381,664,5595,197
382,1081,14497,377
383,518,18720,229
384,250,6427,31
385,555,5810,60
386,489,18033,97
387,856,10911,258
388,273,18815,113
389,597,10282,146
390,189,17408,22
391,194,18655,61
392,113,6590,14
393,228,18226,77
394,176,5714,21
395,95,16089,28
396,162,19190,21
397,1483,19882,174
398,346,11078,51
399,209,7092,68
400,834,11276,395
401,140,12653,19
402,235,18834,26
403,394,15697,72
404,234,9049,25
405,243,10516,30
406,245,6556,27
407,870,13449,290
408,127,18508,32
409,87,5932,27
410,525,16781,96
411,220,17594,35
412,373,13994,67
413,108,18213,29
414,239,18197,34
415,736,13713,322
416,89,6263,24
417,910,6081,177
418,253,10579,119
419,183,10727,22
420,239,10946,40
421,139,7931,58
422,414,8867,71
423,228,7076,23
424,161,15433,39
425,230,6140,31
426,247,7738,107
427,88,13567,11
428,281,8377,29
429,222,16713,24
430,364,14490,53
431,341,14199,116
432,214,13499,31
433,503,11669,99
434,259,12278,93
435,510,5279,54
436,740,16557,192
437,314,9031,103
438,263,8555,31
439,569,11270,171
440,164,12670,46
441,138,13219,24
442,383,15983,69
443,336,10659,71
444,447,18064,57
445,965,14102,374
446,1250,14475,135
447,1072,18286,154
448,264,15982,46
449,187,15101,25
450,306,14024,93
451,160,8083,50
452,80,15870,9
453,1516,10430,182
454,191,8405,19
455,181,12409,72
456,135,8917,54
457,1113,10977,203
458,270,6053,35
459,488,13036,56
460,171,5843,27
461,265,15535,53
462,698,19021,70
463,133,17462,49
464,234,12339,24
465,170,13512,19
466,304,11581,46
467,93,12621,40
468,714,16472,189
469,198,5641,28
470,1014,19908,106
471,422,13268,145
472,139,16612,16
473,507,15219,150
474,520,11695,57
475,210,14620,34
476,90,16509,16
477,212,14583,51
478,128,11819,37
479,205,7359,35
480,146,11018,21
481,283,19958,39
482,103,13347,15
483,333,18959,85
484,740,14550,132
485,142,13934,41
486,153,9955,27
487,202,7226,34
488,807,17028,397
489,153,9047,19
490,105,12697,22
491,63,13322,8
492,652,7245,116
493,148,12890,21
494,1013,6766,162
495,241,10761,50
496,243,11208,35
497,340,12981,40
498,635,18645,67
499,379,7380,51
500,385,11150,51
501,74,15569,9
502,112,15935,40
503,94,13181,19
504,730,15331,85
505,238,18626,79
506,196,15846,24
507,472,6831,55
508,646,15963,150
509,328,19849,48
510,163,7587,26
511,173,18997,39
512,63,12287,10
513,628,8872,135
514,331,5672,37
515,241,17696,32
516,364,19566,43
517,162,11488,21
518,156,19256,32
519,126,9432,15
520,310,16230,34
521,212,7981,61
522,311,6199,44
523,391,14825,155
524,750,14488,110
525,722,17125,113
526,228,17090,33
527,84,18869,14
528,559,7368,66
529,289,6542,73
530,128,6890,16
531,116,15346,14
532,405,8377,48
533,973,19782,172
534,186,9881,75
535,1109,9414,207
536,96,6743,12
537,947,14996,139
538,128,15897,42
539,195,5233,23
540,129,16603,16
541,718,10342,294
542,102,18983,15
543,106,18894,33
544,288,14090,54
545,70,12198,20
546,398,15099,48
547,412,5628,75
548,206,18425,22
549,896,12213,151
550,330,9792,102
551,578,14902,61
552,153,16911,41
553,72,15012,8
554,889,10357,239
555,1095,13158,217
556,216,10748,23
557,674,7266,90
558,343,5156,40
559,201,12557,59
560,184,11741,28
561,390,10883,73
562,154,10336,19
563,139,11916,14
564,266,10179,28
565,183,8140,23
566,163,8586,18
567,254,17724,52
568,180,5745,25
569,745,15938,142
570,192,17019,59
571,177,13898,57
572,299,11397,40
573,319,7974,44
574,196,19990,34
575,58,13816,7
576,419,12242,107
577,167,5009,21
578,143,13498,26
579,199,10629,27
580,483,13573,66
581,603,18596,62
582,178,12638,20
583,279,19905,44
584,370,12380,108
585,198,17718,22
586,259,9674,28
587,673,17664,80
588,142,7866,14
589,91,15415,14
590,587,6942,105
591,257,9437,35
592,1462,9084,182
593,257,17746,41
594,142,17127,16
595,77,15720,31
596,203,7201,29
597,185,7396,51
598,1206,10070,452
599,399,10608,127
600,180,11605,59
601,595,5336,94
602,149,19168,21
603,478,11383,69
604,210,19683,35
605,158,7360,35
606,95,13157,10
607,119,15057,36
608,918,9068,103
609,222,8177,23
610,206,10251,36
611,206,13289,26
612,286,9560,49
613,693,12825,115
614,270,12890,68
615,187,6860,45
616,593,18141,98
617,100,10907,13
618,333,17871,63
619,218,17015,42
620,194,11753,83
621,429,17896,115
622,125,12444,18
623,92,6783,11
624,102,11720,28
625,117,16839,18
626,85,18272,18
627,217,18941,35
628,333,16399,40
629,157,11141,17
630,114,12513,37
631,188,11156,33
632,229,15202,24
633,188,17172,91
634,136,14915,32
635,90,18492,16
636,641,12388,69
637,213,11945,95
638,428,7497,92
639,242,17227,94
640,156,18078,20
641,159,16634,19
642,166,12214,42
643,149,10874,20
644,181,14554,28
645,220,5663,32
646,304,9152,36
647,91,12071,12
648,117,18787,17
649,186,13312,26
650,325,11843,59
651,108,7155,21
652,306,17059,31
653,249,19074,53
654,233,12378,29
655,342,17124,164
656,135,6399,14
657,337,14275,70
658,215,19997,49
659,267,10151,70
660,285,19963,60
661,386,5131,122
662,129,13553,59
663,158,18207,58
664,149,10236,28
665,131,18293,46
666,159,16257,15
667,167,5349,28
668,168,10638,24
669,860,16862,191
670,349,18678,48
671,67,8590,7
672,236,15082,37
673,250,17789,34
674,112,10238,23
675,221,11540,24
676,188,14888,66
677,266,8062,81
678,291,8853,48
679,341,16363,54
680,881,5642,137
681,203,15378,61
682,168,9946,26
683,136,15796,34
684,471,11887,167
685,255,9847,30
686,59,14827,17
687,281,19067,44
688,223,6970,32
689,164,18260,28
690,426,16716,73
691,113,5607,48
692,128,6186,38
693,166,8630,30
694,545,16859,69
695,109,17294,19
696,160,13151,20
697,219,8030,26
698,240,5613,109
699,165,17505,46
700,599,8553,74
701,148,13122,42
702,151,14231,20
703,150,16129,25
704,801,10444,217
705,244,12789,40
706,59,13726,7
707,724,17895,78
708,260,10502,36
709,173,15556,47
710,909,19537,123
711,776,9575,84
712,138,12453,61
713,418,9980,53
714,160,17717,20
715,314,12787,154
716,168,10799,22
717,92,12709,11
718,291,19171,36
719,199,17687,48
720,592,5147,82
721,78,15931,27
722,269,11179,30
723,218,10845,109
724,78,13776,8
725,212,12539,32
726,208,17117,36
727,412,13431,48
728,189,16516,32
729,853,7704,163
730,501,17733,98
731,374,11912,59
732,163,15705,72
733,146,8225,18
734,78,11059,15
735,408,7108,104
736,278,7699,60
737,97,17549,16
738,434,6454,215
739,285,14618,38
740,88,14315,11
741,330,6468,34
742,695,17299,166
743,94,13787,33
744,120,18798,11
745,103,13460,23
746,203,8370,46
747,1179,6562,134
748,88,19088,12
749,213,8258,25
750,667,16649,88
751,182,9862,40
752,321,13480,58
753,678,7562,100
754,189,10406,57
755,257,7628,31
756,155,16480,24
757,207,18338,33
758,449,8613,46
759,275,12660,29
760,216,17084,23
761,67,17183,15
762,607,11211,109
763,468,6020,50
764,709,19144,157
765,202,17036,31
766,216,13087,28
767,180,16567,28
768,200,8330,23
769,547,9138,168
770,222,11876,42
771,298,19771,29
772,247,7469,117
773,97,16497,17
774,207,12362,70
775,215,11901,22
776,112,10852,47
777,102,10608,16
778,393,8448,53
779,314,20109,41
780,268,5594,37
781,123,9487,25
782,414,6595,64
783,160,11176,28
784,138,11025,18
785,519,10488,57
786,407,19415,63
787,282,6427,98
788,180,6159,23
789,434,8589,52
790,681,6849,178
791,747,7803,79
792,327,16336,43
793,303,14305,51
794,388,6329,41
795,89,8141,33
796,225,9206,23
797,1010,15646,142
798,71,15870,13
799,279,16954,43
800,359,10158,76
801,291,15081,35
802,154,6077,20
803,355,13646,69
804,124,15331,30
805,175,14365,24
806,292,6101,40
807,639,13335,116
808,191,8188,52
809,261,5580,25
810,138,6878,26
811,248,10854,34
812,150,15477,15
813,167,12516,25
814,243,15919,59
815,155,7751,57
816,392,13081,48
817,142,9850,48
818,127,6541,54
819,230,13694,45
820,262,18964,72
821,143,12844,23
822,540,7674,166
823,226,8653,108
824,144,5704,15
825,129,14196,31
826,285,6626,50
827,423,20044,93
828,865,16907,112
829,465,9817,50
830,97,11735,37
831,564,16795,73
832,457,5005,52
833,851,7194,161
834,153,10985,16
835,85,6322,9
836,184,13067,20
837,372,19292,57
838,220,14346,64
839,473,6549,160
840,96,16779,10
841,218,16140,37
842,105,15481,14
843,198,8841,81
844,240,9666,73
845,553,17351,184
846,396,5646,57
847,370,13149,43
848,238,6125,40
849,123,9653,13
850,197,18972,30
851,267,14563,46
852,88,7320,9
853,216,19559,81
854,411,14265,54
855,193,18499,22
856,220,11206,75
857,254,16744,27
858,318,5435,135
859,74,18453,30
860,182,10752,28
861,203,11091,78
862,790,6036,82
863,402,6104,140
864,921,14275,112
865,212,17067,25
866,110,6676,13
867,204,13645,31
868,277,12173,28
869,289,8363,43
870,86,13118,9
871,198,6502,44
872,123,17664,43
873,143,17069,15
874,255,6822,109
875,341,16865,47
876,153,7402,27
877,189,14949,40
878,177,12900,28
879,148,10540,18
880,650,14980,77
881,345,16140,43
882,236,18207,28
883,191,16967,24
884,89,18530,13
885,108,12469,26
886,205,12226,27
887,121,5698,18
888,477,8298,118
889,921,11367,278
890,189,15599,63
891,255,7891,30
892,478,15727,122
893,437,16236,55
894,406,14001,82
895,110,17272,20
896,168,16451,61
897,90,12421,9
898,321,13561,54
899,363,7378,111
900,257,13381,31
901,289,13792,133
902,225,19823,81
903,155,5432,20
904,907,16916,151
905,241,14564,53
906,150,6233,36
907,266,10111,45
908,274,5526,105
909,128,12945,51
910,1140,9926,321
911,74,14654,10
912,294,17140,57
913,104,13464,51
914,324,12698,120
915,181,5781,52
916,261,8074,48
917,328,20111,130
918,233,10969,52
919,262,10082,39
920,146,11630,18
921,209,12585,26
922,115,16655,44
923,145,19982,14
924,194,17529,49
925,281,18314,93
926,1328,14488,304
927,323,17993,68
928,819,7738,234
929,1532,15832,292
930,132,7649,16
931,193,16872,22
932,172,7735,29
933,929,13862,103
934,174,13435,19
935,208,15504,42
936,172,13435,56
937,471,7840,96
938,60,17185,16
939,313,5931,32
940,199,14219,26
941,176,19135,58
942,352,8667,35
943,688,14136,73
944,335,6279,76
945,187,7188,48
946,362,5669,50
947,169,19385,23
948,261,12065,63
949,83,7447,20
950,348,12929,50
951,82,12796,15
952,84,19733,9
953,269,12639,42
954,309,13016,31
955,213,17440,28
956,71,11211,18
957,63,16835,8
958,351,11981,69
959,1122,13575,171
960,843,5358,149
961,770,10648,81
962,200,7845,31
963,498,12619,64
964,469,15743,154
965,661,7788,91
966,524,15981,66
967,187,16690,44
968,161,8455,22
969,233,13872,27
970,224,16169,26
971,151,6896,27
972,248,14493,60
973,175,7391,20
974,907,6828,119
975,217,19556,28
976,257,18480,46
977,680,5819,78
978,291,16110,36
979,387,17531,42
980,189,14654,42
981,483,13491,236
982,194,19183,26
983,138,19441,17
984,363,6872,80
985,58,18452,11
986,775,13137,196
987,508,19888,139
988,568,18501,69
989,114,16867,33
990,214,5378,31
991,457,14509,95
992,121,12750,17
993,300,8637,53
994,1086,6418,311
995,175,7240,31
996,811,13872,129
997,227,9596,44
998,245,10061,37
999,106,15597,45
1000,180,16128,88
1001,183,8068,44
1002,200,10995,71
1003,196,16165,43
1004,1825,9006,290
1005,210,18817,27
1006,548,15527,161
1007,274,6721,28
1008,318,8046,33
1009,590,11899,59
1010,232,11477,26
1011,162,13686,18
1012,860,7164,207
1013,155,18978,31
1014,223,6653,56
1015,294,11091,35
1016,118,12440,17
1017,202,13017,32
1018,1142,5547,129
1019,1043,19828,254
1020,275,16378,76
1021,1146,17901,416
1022,1515,19077,298
1023,312,7290,34
1024,200,16435,20
1025,587,14819,103
1026,189,5200,28
1027,159,9401,23
1028,399,11272,79
1029,152,8462,17
1030,216,9047,32
1031,174,12746,18
1032,448,12205,165
1033,214,5967,51
1034,231,17630,45
1035,302,10199,53
1036,395,17646,55
1037,222,6830,24
1038,108,18854,13
1039,90,5577,19
1040,278,19051,43
1041,171,10594,19
1042,134,14722,14
1043,304,10831,34
1044,227,17223,40
1045,172,5857,24
1046,382,7507,141
1047,452,10786,163
1048,176,18044,42
1049,245,6693,28
1050,509,13111,68
1051,146,9372,30
1052,79,9568,10
1053,183,10556,21
1054,160,9992,72
1055,129,10573,21
1056,323,17383,68
1057,484,11735,68
1058,78,15087,9
1059,183,5405,19
1060,452,5377,144
1061,141,8898,27
1062,385,19372,47
1063,779,14378,123
1064,78,5191,8
1065,223,10966,43
1066,400,19879,91
1067,214,9384,51
1068,386,16381,39
1069,218,13186,33
1070,155,15046,16
1071,700,18117,276
1072,164,14255,55
1073,529,12498,66
1074,107,8940,23
1075,112,7657,11
1076,568,7576,222
1077,392,16621,45
1078,288,6790,29
1079,158,6618,17
1080,151,9929,43
1081,159,9145,79
1082,876,8671,117
1083,1231,5460,134
1084,371,17232,60
1085,209,6318,31
1086,263,7799,43
1087,235,10145,25
1088,320,16433,134
1089,588,8433,65
1090,446,9938,66
1091,560,11671,83
1092,459,13825,181
1093,167,17553,30
1094,243,17327,40
1095,283,19793,52
1096,188,16525,44
1097,211,7648,60
1098,220,19938,22
1099,220,14982,28
1100,270,8517,31
1101,193,10971,72
1102,103,15012,21
1103,406,13655,55
1104,250,13425,74
1105,177,10812,49
1106,405,18537,74
1107,108,9362,17
1108,729,18971,304
1109,324,19610,53
1110,211,12985,86
1111,121,20000,15
1112,69,10904,15
1113,107,6955,19
1114,773,9030,116
1115,536,12245,164
1116,144,6801,30
1117,72,8605,7
1118,497,7630,66
1119,274,11727,53
1120,431,19598,63
1121,324,16365,147
1122,203,17857,59
1123,281,5785,47
1124,88,16986,11
1125,330,17902,42
1126,798,11915,206
1127,436,15143,105
1128,378,9398,44
1129,70,7371,18
1130,293,13160,31
1131,230,19402,104
1132,413,14942,45
1133,108,12465,39
1134,806,10852,349
1135,184,15894,20
1136,363,11030,115
1137,213,11864,23
1138,216,16643,72
1139,222,13875,62
1140,263,14216,99
1141,459,5223,47
1142,170,13498,26
1143,262,17461,32
1144,235,14921,61
1145,398,18200,85
1146,152,17808,18
1147,264,16439,56
1148,478,18667,48
1149,314,18677,58
1150,1669,18106,272
1151,286,13173,60
1152,358,19167,56
1153,163,15431,35
1154,548,12601,242
1155,208,16581,60
1156,125,10865,15
1157,117,19464,23
1158,85,18116,11
1159,281,5949,42
1160,127,16873,29
1161,326,18900,43
1162,167,5929,27
1163,521,18959,96
1164,107,5186,31
1165,216,9752,26
1166,55,15808,27
1167,204,15029,38
1168,131,12695,26
1169,771,8164,108
1170,189,7415,24
1171,103,18510,13
1172,101,17629,13
1173,1101,7708,140
1174,328,7338,33
1175,458,10957,58
1176,281,10667,48
1177,432,5375,160
1178,108,9372,26
1179,110,13802,15
1180,479,18082,66
1181,82,8895,9
1182,495,19082,99
1183,105,14704,20
1184,387,14457,50
1185,178,15869,35
1186,189,12062,24
1187,82,12694,16
1188,99,14742,13
1189,163,11029,17
1190,94,6233,15
1191,425,14386,81
1192,109,8885,29
1193,124,9336,23
1194,474,17719,59
1195,189,17465,23
1196,1035,16124,161
1197,208,16538,41
1198,281,12107,43
1199,84,5813,28
1200,579,15377,62
1201,877,12043,154
1202,369,11352,156
1203,430,14837,50
1204,382,17080,98
1205,181,14287,39
1206,127,17534,44
1207,136,11649,27
1208,1143,8986,118
1209,67,5885,7
1210,232,18163,30
1211,272,18184,44
1212,177,9545,50
1213,164,15850,18
1214,81,6890,7
1215,189,9270,32
1216,120,12483,16
1217,187,16182,20
1218,202,15003,75
1219,90,16547,21
1220,134,14649,30
1221,698,15365,81
1222,69,16254,8
1223,1028,8395,155
1224,156,10744,42
1225,543,12874,111
1226,192,15293,28
1227,566,12033,259
1228,197,11562,62
1229,137,7679,26
1230,81,18480,12
1231,150,11326,23
1232,342,5290,57
1233,324,11079,47
1234,340,10521,99
1235,191,8395,47
1236,852,15530,174
1237,79,16440,34
1238,162,9858,16
1239,532,7995,70
1240,477,8539,51
1241,75,16231,32
1242,360,18084,56
1243,189,18262,37
1244,1157,8667,162
1245,122,19260,52
1246,118,8979,17
1247,929,10808,166
1248,206,8614,21
1249,96,17501,14
1250,188,8865,57
1251,898,16070,328
1252,389,14384,112
1253,525,11267,56
1254,196,13155,37
1255,121,13646,36
1256,156,10183,26
1257,209,18899,27
1258,254,5282,73
1259,479,6704,139
1260,1461,10723,259
1261,205,19013,73
1262,213,14617,72
1263,179,7066,34
1264,185,18159,73
1265,104,5730,45
1266,114,6053,14
1267,265,7915,35
1268,402,9270,63
1269,394,15548,107
1270,91,8709,16
1271,174,15965,56
1272,182,14502,39
1273,1283,16998,161
1274,164,18206,36
1275,521,5330,83
1276,301,7323,59
1277,841,12709,150
1278,821,11386,161
1279,280,15583,31
1280,185,14169,23
1281,110,12859,21
1282,225,14326,82
1283,940,12116,238
1284,288,17764,31
1285,1256,17399,144
1286,110,18624,28
1287,184,19590,22
1288,159,6201,17
1289,744,7541,153
1290,302,6553,39
1291,218,8863,33
1292,121,19721,29
1293,104,19111,14
1294,369,13581,94
1295,130,16964,16
1296,734,15485,293
1297,57,8072,10
1298,275,5660,37
1299,423,15325,55
1300,652,5544,174
1301,197,10216,53
1302,97,19880,16
1303,295,19089,43
1304,265,17787,47
1305,265,6492,30
1306,225,12343,64
1307,139,19938,41
1308,833,18403,158
1309,187,7641,23
1310,82,19399,13
1311,302,16009,52
1312,188,10413,21
1313,137,8798,15
1314,96,14825,18
1315,148,17852,21
1316,278,11026,103
1317,116,16417,17
1318,636,6746,68
1319,297,8459,29
1320,166,7787,38
1321,1031,5466,123
1322,430,17543,133
1323,183,15178,29
1324,497,16604,143
1325,309,7583,37
1326,990,15331,127
1327,350,13004,50
1328,328,17885,59
1329,337,11990,58
1330,147,7172,40
1331,600,15940,123
1332,309,16173,122
1333,148,5282,33
1334,175,7834,32
1335,519,6662,79
1336,1493,18257,394
1337,131,6252,13
1338,276,9715,54
1339,166,7301,17
1340,198,10416,32
1341,233,12757,26
1342,348,9456,138
1343,135,5949,40
1344,340,7255,37
1345,140,6580,24
1346,303,5691,46
1347,1375,18476,280
1348,126,16995,30
1349,195,8524,20
1350,115,6063,30
1351,404,17209,76
1352,112,9017,22
1353,351,15063,42
1354,232,7133,108
1355,188,7059,32
1356,188,8852,43
1357,147,7815,26
1358,390,11605,120
1359,95,10359,17
1360,448,15381,127
1361,422,16183,52
1362,150,12133,26
1363,118,10518,20
1364,314,14638,51
1365,166,7517,22
1366,689,17098,108
1367,282,14227,33
1368,504,11835,64
1369,346,6088,86
1370,219,19909,26
1371,72,11985,10
1372,195,7004,39
1373,112,5798,12
1374,304,17957,116
1375,262,5025,31
1376,155,12802,24
1377,373,5840,71
1378,135,16153,17
1379,161,10829,57
1380,324,14604,39
1381,56,17125,23
1382,269,8009,110
1383,106,10369,11
1384,280,10644,36
1385,968,6546,111
1386,310,13604,85
1387,88,6228,17
1388,600,17850,103
1389,124,9177,16
1390,581,6719,61
1391,984,9544,99
1392,93,10989,21
1393,236,6531,46
1394,64,5938,10
1395,158,17642,23
1396,553,14136,60
1397,558,11528,111
1398,242,8378,67
1399,475,5761,61
1400,132,9945,14
1401,164,16266,22
1402,237,15044,25
1403,115,14846,23
1404,286,12104,77
1405,170,17468,33
1406,269,7806,34
1407,87,10830,10
1408,723,11950,183
1409,1149,11593,348
1410,209,13250,31
1411,500,6580,54
1412,260,12893,34
1413,320,16701,39
1414,308,12631,32
1415,897,12425,262
1416,623,18259,66
1417,291,11692,57
1418,301,15194,30
1419,160,8294,69
1420,110,16248,14
1421,63,15299,9
1422,184,17688,67
1423,113,15809,20
1424,131,14126,12
1425,310,14838,34
1426,283,17468,30
1427,89,10107,20
1428,560,9709,59
1429,403,11826,118
1430,541,8136,61
1431,143,12876,19
1432,215,19603,48
1433,112,14918,24
1434,389,6315,38
1435,506,16730,54
1436,115,10331,14
1437,711,5929,100
1438,248,5301,28
1439,220,19896,30
1440,387,18525,116
1441,221,8264,30
1442,419,7095,123
1443,281,10556,47
1444,78,14981,13
1445,99,12398,11
1446,263,5590,101
1447,251,11329,116
1448,118,15828,39
1449,102,17277,11
1450,168,17212,27
1451,296,15661,33
1452,144,19500,28
1453,245,15764,31
1454,215,18442,27
1455,235,15502,91
1456,87,9762,20
1457,215,12603,51
1458,215,18551,40
1459,635,14383,108
1460,77,17318,8
1461,1017,17767,103
1462,102,16601,12
1463,259,8561,89
1464,70,19487,9
1465,213,11321,22
1466,1363,13244,177
1467,421,13232,115
1468,248,5706,41
1469,118,5661,53
1470,132,14629,18
1471,186,19531,18
1472,143,14126,29
1473,276,17456,58
1474,167,8124,29
1475,62,9912,14
1476,282,14848,29
1477,104,6535,14
1478,139,12222,22
1479,550,15885,63
1480,189,7753,19
1481,455,13065,54
1482,335,9688,42
1483,189,18293,20
1484,556,18692,90
1485,271,7663,50
1486,394,15509,58
1487,198,7141,93
1488,678,8201,90
1489,293,17986,37
1490,70,16813,7
1491,174,17641,28
1492,85,8540,10
1493,287,19985,51
1494,81,10738,13
1495,209,17673,21
1496,353,15561,63
1497,230,6125,100
1498,264,10987,73
1499,236,5976,27
1500,200,11188,18
1501,90,18376,11
1502,174,12033,17
1503,176,17368,24
1504,206,13966,42
1505,162,16344,19
1506,113,14613,21
1507,218,14603,26
1508,409,17971,95
1509,73,16123,20
1510,59,7682,8
1511,100,12256,13
1512,637,7993,142
1513,297,6482,113
1514,514,14833,66
1515,218,12705,28
1516,186,15545,41
1517,237,18353,33
1518,290,12999,34
1519,187,5410,35
1520,160,10814,25
1521,309,6505,36
1522,483,17853,67
1523,197,8171,24
1524,123,10755,18
1525,385,12515,42
1526,205,6453,47
1527,1021,6830,148
1528,393,6476,84
1529,203,10249,33
1530,231,15534,25
1531,191,5895,21
1532,254,9190,42
1533,159,14126,21
1534,936,10194,202
1535,287,9132,39
1536,994,17801,105
1537,108,10720,23
1538,234,7970,31
1539,188,9289,22
1540,184,11797,29
1541,245,17093,25
1542,214,9231,94
1543,238,18289,57
1544,655,9771,306
1545,107,12765,47
1546,208,9987,47
1547,138,16622,17
1548,256,19352,39
1549,701,13350,317
1550,138,17358,21
1551,191,7674,21
1552,278,18288,82
1553,198,8349,27
1554,156,13400,16
1555,228,19933,43
1556,69,19711,17
1557,257,6325,35
1558,358,17887,134
1559,97,9444,26
1560,121,18889,26
1561,713,17233,109
1562,76,9205,8
1563,137,8336,15
1564,155,7966,30
1565,171,8954,23
1566,82,12243,12
1567,85,14668,32
1568,159,5127,24
1569,176,14306,46
1570,191,11955,30
1571,147,8146,62
1572,760,5585,174
1573,208,18547,25
1574,61,15682,17
1575,164,16337,20
1576,117,16840,33
1577,361,14130,135
1578,435,7298,122
1579,240,15528,53
1580,211,5158,39
1581,1653,13659,230
1582,628,18218,81
1583,103,8485,47
1584,181,5481,41
1585,345,5545,40
1586,570,5720,156
1587,132,19181,39
1588,97,18534,18
1589,195,19291,62
1590,186,6390,27
1591,1075,18549,450
1592,499,13386,74
1593,440,9879,45
1594,451,9299,48
1595,436,9324,115
1596,223,12860,94
1597,135,12661,35
1598,374,6990,79
1599,122,19095,24
1600,168,8436,54
1601,196,17814,77
1602,146,14742,30
1603,215,18220,25
1604,212,10519,24
1605,714,10832,146
1606,142,8416,18
1607,324,7241,65
1608,364,6762,71
1609,1041,9126,141
1610,136,12055,37
1611,147,13025,16
1612,82,10612,27
1613,205,5943,42
1614,91,18463,21
1615,618,5666,185
1616,173,9236,37
1617,112,13649,49
1618,138,13061,35
1619,1178,11696,292
1620,120,7201,19
1621,102,8925,31
1622,593,13460,75
1623,325,14816,56
1624,250,19230,36
1625,660,5614,72
1626,560,15502,59
1627,265,17248,87
1628,212,7958,42
1629,76,15832,14
1630,234,17959,29
1631,555,16027,148
1632,708,5298,147
1633,540,6934,65
1634,210,8674,81
1635,227,8794,26
1636,168,6931,18
1637,215,8113,90
1638,282,19064,41
1639,463,15734,57
1640,84,17292,11
1641,171,19379,27
1642,209,13545,28
1643,638,18934,104
1644,257,8865,89
1645,494,16942,56
1646,329,19109,43
1647,61,16410,11
1648,401,7741,66
1649,137,13673,16
1650,322,9303,34
1651,161,9297,19
1652,83,9856,12
1653,387,19963,47
1654,244,9618,30
1655,558,16737,214
1656,316,8548,44
1657,195,8376,20
1658,79,13720,38
1659,211,5996,54
1660,658,8398,182
1661,426,16868,60
1662,182,15850,39
1663,130,12216,14
1664,779,14390,387
1665,156,10378,19
1666,521,6747,53
1667,156,13988,33
1668,385,13445,61
1669,440,17806,46
1670,314,9801,39
1671,204,7943,27
1672,217,8343,52
1673,184,7150,31
1674,281,6861,102
1675,122,10639,27
1676,351,13217,39
1677,215,11914,41
1678,336,13158,60
1679,78,15254,10
1680,178,10950,53
1681,211,11556,66
1682,395,18765,46
1683,106,8154,11
1684,195,16117,41
1685,319,12923,45
1686,212,10781,23
1687,104,16592,22
1688,128,7319,18
1689,518,6508,195
1690,380,7059,159
1691,663,5324,185
1692,534,12463,111
1693,403,6292,47
1694,482,8130,72
1695,94,19193,14
1696,338,12650,129
1697,98,14222,15
1698,1663,16402,170
1699,337,18933,61
1700,469,18541,96
1701,518,16440,71
1702,483,8671,75
1703,516,17338,79
1704,170,7875,45
1705,162,12725,23
1706,460,18032,101
1707,193,13874,80
1708,261,15556,30
1709,133,11260,23
1710,204,17893,37
1711,360,15873,97
1712,144,14167,68
1713,161,6856,36
1714,107,7931,11
1715,171,15369,48
1716,882,10033,103
1717,248,15282,29
1718,191,11659,27
1719,811,14045,112
1720,208,11577,59
1721,181,13873,51
1722,256,11456,61
1723,355,18636,81
1724,97,10301,15
1725,986,7238,485
1726,106,17330,28
1727,86,10743,27
1728,232,19792,23
1729,226,10371,32
1730,146,16852,32
1731,342,17038,57
1732,653,14702,132
1733,131,6938,31
1734,268,7054,78
1735,168,11031,21
1736,212,18932,25
1737,239,6592,41
1738,255,19217,47
1739,184,12954,70
1740,283,9674,29
1741,175,7258,18
1742,71,7138,15
1743,226,15018,52
1744,126,11524,25
1745,164,11139,71
1746,616,8626,76
1747,108,13303,11
1748,338,14198,38
1749,711,19457,82
1750,114,19046,15
1751,186,16852,39
1752,162,19943,49
1753,306,5146,44
1754,213,10681,90
1755,199,16961,25
1756,346,9944,68
1757,94,13800,10
1758,1030,18251,230
1759,395,19648,47
1760,117,16487,43
1761,234,18711,38
1762,105,5132,16
1763,243,17316,36
1764,595,17366,204
1765,745,15464,118
1766,87,9821,14
1767,312,8445,41
1768,59,12396,11
1769,211,18549,45
1770,217,12542,34
1771,141,7884,17
1772,495,17385,103
1773,139,14863,62
1774,102,16062,14
1775,245,11323,37
1776,334,16878,48
1777,231,13922,31
1778,187,7448,22
1779,478,6141,94
1780,819,10563,117
1781,187,17728,25
1782,794,18453,100
1783,98,10000,11
1784,810,9549,98
1785,660,5404,190
1786,217,19369,36
1787,548,14630,143
1788,365,5217,50
1789,389,7776,56
1790,224,12219,70
1791,273,8441,38
1792,376,5201,46
1793,91,10948,14
1794,186,19483,60
1795,285,15327,45
1796,63,8759,9
1797,199,16909,22
1798,268,11461,42
1799,196,6315,72
1800,55,14783,18
1801,359,13313,41
1802,340,9986,40
1803,265,8623,31
1804,1079,19278,136
1805,91,7515,11
1806,257,8192,26
1807,402,9621,137
1808,350,19233,37
1809,649,9173,90
1810,201,14490,23
1811,241,13181,46
1812,252,17971,104
1813,219,12613,33
1814,238,13339,63
1815,417,15345,89
1816,255,13091,40
1817,219,6045,30
1818,62,6386,7
1819,1470,19409,213
1820,149,7151,29
1821,230,6831,41
1822,330,6367,43
1823,307,6931,121
1824,95,19808,13
1825,220,10905,60
1826,111,15465,24
1827,177,16375,59
1828,106,8385,13
1829,242,7764,26
1830,121,18949,22
1831,290,7423,51
1832,1223,10320,127
1833,198,13183,25
1834,129,7582,38
1835,55,5563,7
1836,460,5475,47
1837,193,17559,33
1838,109,15349,16
1839,283,6192,100
1840,110,14962,19
1841,127,9896,36
1842,115,12048,12
1843,298,6177,79
1844,233,14951,42
1845,88,14406,10
1846,470,18659,81
1847,191,5327,24
1848,63,6766,13
1849,166,12771,27
1850,160,10364,34
1851,231,16280,28
1852,78,13110,14
1853,322,11395,34
1854,284,15487,90
1855,338,15960,45
1856,191,11993,46
1857,436,16452,54
1858,134,15919,32
1859,118,16474,25
1860,72,10270,10
1861,272,16189,41
1862,511,14115,227
1863,235,19716,54
1864,304,6582,35
1865,500,17833,98
1866,225,6180,44
1867,529,14002,77
1868,300,11383,81
1869,122,10207,15
1870,166,19478,35
1871,1589,7841,179
1872,160,11517,62
1873,235,12948,26
1874,421,11348,106
1875,226,7896,48
1876,536,12900,96
1877,166,13040,21
1878,130,11052,15
1879,213,9045,38
1880,310,16366,37
1881,1367,10560,170
1882,66,18725,10
1883,167,19909,75
1884,150,6539,24
1885,125,15329,19
1886,180,19924,34
1887,184,14174,61
1888,226,12593,24
1889,676,7725,116
1890,222,13708,54
1891,76,14156,8
1892,372,16909,116
1893,227,11849,27
1894,293,14074,71
1895,145,15298,20
1896,480,11824,90
1897,268,14473,27
1898,188,16154,27
1899,283,15633,41
1900,189,7484,47
1901,155,16953,24
1902,241,12917,79
1903,118,7322,48
1904,740,10452,97
1905,95,18703,17
1906,180,10641,21
1907,93,12239,12
1908,301,10995,53
1909,273,6911,102
1910,100,14366,45
1911,186,17979,24
1912,195,9161,28
1913,152,18484,28
1914,132,20085,28
1915,537,7528,64
1916,82,12239,41
1917,166,11550,80
1918,192,10488,54
1919,207,5244,34
1920,165,19174,30
1921,172,7205,25
1922,70,6320,24
1923,98,10743,13
1924,216,9366,52
1925,427,14218,48
1926,205,13037,102
1927,172,19890,21
1928,506,10406,148
1929,166,17311,21
1930,332,11963,47
1931,191,11862,25
1932,84,18094,9
1933,153,7034,30
1934,113,9362,22
1935,526,10048,80
1936,226,18811,23
1937,120,7588,24
1938,129,18794,27
1939,145,18077,34
1940,617,10370,68
1941,544,7228,60
1942,162,19009,30
1943,177,17795,17
1944,157,19429,35
1945,170,12608,34
1946,117,18893,14
1947,466,10310,55
1948,554,10765,272
1949,180,10870,86
1950,824,12645,86
1951,168,19609,24
1952,561,6219,116
1953,83,5556,26
1954,462,11471,50
1955,280,6412,43
1956,94,10033,20
1957,892,12199,201
1958,307,16738,64
1959,812,12659,193
1960,624,17953,82
1961,101,12354,39
1962,724,10880,122
1963,1184,18673,257
1964,362,19990,64
1965,273,18516,85
1966,93,6245,18
1967,354,14540,41
1968,660,15667,290
1969,112,13623,12
1970,193,13560,27
1971,216,15767,22
1972,265,14640,44
1973,106,16819,25
1974,323,10261,126
1975,318,19041,35
1976,210,10264,42
1977,204,10454,63
1978,552,18072,58
1979,404,18114,62
1980,880,11698,347
1981,208,11148,23
1982,331,18454,45
1983,817,10767,94
1984,388,9481,149
1985,212,10556,31
1986,300,14249,32
1987,943,9175,335
1988,90,14525,10
1989,224,5745,23
1990,477,13774,73
1991,318,10180,76
1992,188,17290,43
1993,102,11210,19
1994,253,13513,90
1995,211,5569,79
1996,151,13185,57
1997,89,17393,13
1998,1019,8949,134
1999,214,5744,40
2000,241,8770,92